{
  "es_mean": 4.3864703862916254,
  "es_median": 3.5384615384615383,
  "es_std": 2.9835356503870956,
  "cc_mean": 5.3323194882717315,
  "cc_median": 4.533333333333333,
  "cc_std": 3.292796536151448,
  "ks_statistic": 0.1547437734028369,
  "ks_pvalue": 1.053259322901968e-45,
  "best_threshold": 3.2680418644274063,
  "best_accuracy": 0.5785590778097983,
  "n_es_events": 4171,
  "n_cc_events": 4504
}